create database Airport_data;
use airport_data;


-- Create Airports Table
CREATE TABLE Airports (
    AirportID INT PRIMARY KEY,
    Name VARCHAR(100),
    Location VARCHAR(100),
    Country VARCHAR(50)
);

-- Create Airlines Table
CREATE TABLE Airlines (
    AirlineID INT PRIMARY KEY,
    Name VARCHAR(100),
    Country VARCHAR(50)
);

-- Create Flights Table
CREATE TABLE Flights (
    FlightID INT PRIMARY KEY,
    Origin INT REFERENCES Airports(AirportID),
    Destination INT REFERENCES Airports(AirportID),
    DepartureTime DATETIME,
    ArrivalTime DATETIME,
    AirlineID INT REFERENCES Airlines(AirlineID)
);

-- Create Passengers Table
CREATE TABLE Passengers (
    PassengerID INT PRIMARY KEY,
    Name VARCHAR(100),
    DOB DATE,
    FrequentFlyerStatus VARCHAR(50)
);

-- Create Tickets Table
CREATE TABLE Tickets (
    TicketID INT PRIMARY KEY,
    PassengerID INT REFERENCES Passengers(PassengerID),
    FlightID INT REFERENCES Flights(FlightID),
    Price DECIMAL(10, 2)
);


INSERT INTO Airports (AirportID, Name, Location, Country) VALUES
(1, 'Indira Gandhi International Airport', 'Delhi', 'India'),
(2, 'Chhatrapati Shivaji Maharaj International Airport', 'Mumbai', 'India'),
(3, 'Heathrow Airport', 'London', 'UK'),
(4, 'John F. Kennedy International Airport', 'New York', 'USA'),
(5, 'Dubai International Airport', 'Dubai', 'UAE');


INSERT INTO Airlines (AirlineID, Name, Country) VALUES
(1, 'Air India', 'India'),
(2, 'British Airways', 'UK'),
(3, 'Emirates', 'UAE'),
(4, 'Delta Airlines', 'USA'),
(5, 'IndiGo', 'India');


INSERT INTO Flights (FlightID, Origin, Destination, DepartureTime, ArrivalTime, AirlineID) VALUES
(101, 1, 3, '2025-08-01 06:00', '2025-08-01 12:00', 1),
(102, 2, 4, '2025-08-02 10:00', '2025-08-02 20:00', 4),
(103, 5, 2, '2025-08-03 05:30', '2025-08-03 09:30', 3),
(104, 3, 1, '2025-08-04 13:00', '2025-08-04 21:00', 2),
(105, 4, 5, '2025-08-05 08:00', '2025-08-05 16:00', 4),
(106, 1, 2, '2025-08-06 07:00', '2025-08-06 09:00', 5),
(107, 2, 5, '2025-08-07 18:00', '2025-08-07 22:30', 1),
(108, 5, 1, '2025-08-08 03:00', '2025-08-08 09:00', 3),
(109, 4, 3, '2025-08-09 14:00', '2025-08-09 22:00', 4),
(110, 3, 5, '2025-08-10 11:00', '2025-08-10 19:00', 2),
(111, 2, 1, '2025-08-11 05:30', '2025-08-11 07:30', 5),
(112, 1, 4, '2025-08-12 06:45', '2025-08-12 14:45', 1),
(113, 4, 2, '2025-08-13 08:00', '2025-08-13 16:30', 4),
(114, 3, 2, '2025-08-14 10:15', '2025-08-14 18:15', 2),
(115, 5, 4, '2025-08-15 23:30', '2025-08-16 07:30', 3),
(116, 1, 2, '2025-08-16 10:00', '2025-08-16 11:55', 1);


INSERT INTO Passengers (PassengerID, Name, DOB, FrequentFlyerStatus) VALUES
(201, 'Aarav Sharma', '1985-06-15', 'Gold'),
(202, 'Meera Iyer', '1990-09-21', 'Silver'),
(203, 'Kabir Joshi', '1995-12-11', 'Platinum'),
(204, 'Ananya Reddy', '1988-03-19', 'None'),
(205, 'Rohan Mehta', '1992-07-02', 'Gold'),
(206, 'Diya Kapoor', '2000-05-23', 'None'),
(207, 'Vikram Sinha', '1983-10-12', 'Silver'),
(208, 'Sanya Arora', '1991-01-29', 'Gold'),
(209, 'Arjun Patel', '1994-04-18', 'None'),
(210, 'Neha Das', '1987-08-30', 'Platinum'),
(211, 'Rahul Verma', '1996-06-05', 'Silver'),
(212, 'Pooja Nair', '1989-11-25', 'None'),
(213, 'Kunal Rao', '1993-03-17', 'Gold'),
(214, 'Ishita Ghosh', '1998-09-09', 'Silver'),
(215, 'Manav Bhatia', '1986-12-01', 'Platinum'),
(216, 'Riya Jain', '1997-07-27', 'None'),
(217, 'Yash Malhotra', '1984-02-13', 'Gold'),
(218, 'Tanvi Shetty', '1990-10-03', 'Silver'),
(219, 'Siddharth Kulkarni', '1999-01-14', 'None'),
(220, 'Aisha Qureshi', '1992-05-09', 'Gold'),
(221, 'Nikhil Chopra', '1985-03-20', 'Silver'),
(222, 'Swati Aggarwal', '1993-06-22', 'None'),
(223, 'Devansh Saxena', '1991-04-07', 'Platinum'),
(224, 'Sneha Pillai', '1994-12-19', 'Gold'),
(225, 'Tanishq Goel', '1995-08-11', 'Silver');


INSERT INTO Tickets (TicketID, PassengerID, FlightID, Price) VALUES
(301, 201, 101, 6500.00),
(302, 202, 102, 7200.00),
(303, 203, 103, 8500.00),
(304, 204, 104, 9200.00),
(305, 205, 105, 4500.00),
(306, 206, 106, 3200.00),
(307, 207, 107, 6100.00),
(308, 208, 108, 8900.00),
(309, 209, 109, 5100.00),
(310, 210, 110, 9600.00),
(311, 211, 101, 7300.00),
(312, 212, 102, 4700.00),
(313, 213, 103, 8800.00),
(314, 214, 104, 5300.00),
(315, 215, 105, 7600.00),
(316, 216, 106, 8100.00),
(317, 217, 107, 9900.00),
(318, 218, 108, 3400.00),
(319, 219, 109, 3900.00),
(320, 220, 110, 5600.00),
(321, 221, 101, 9200.00),
(322, 222, 102, 2900.00),
(323, 223, 103, 10400.00),
(324, 224, 104, 3300.00),
(325, 225, 105, 4100.00),
(326, 201, 106, 5200.00),
(327, 202, 107, 6200.00),
(328, 203, 108, 5800.00),
(329, 204, 109, 4700.00),
(330, 205, 110, 8200.00),
(331, 206, 101, 7900.00),
(332, 207, 102, 6500.00),
(333, 208, 103, 8700.00),
(334, 209, 104, 3300.00),
(335, 210, 105, 5500.00),
(336, 211, 106, 6300.00),
(337, 212, 107, 3100.00),
(338, 213, 108, 7100.00),
(339, 214, 109, 4600.00),
(340, 215, 110, 8800.00),
(341, 216, 101, 5700.00),
(342, 217, 102, 6200.00),
(343, 218, 103, 4300.00),
(344, 219, 104, 6500.00),
(345, 220, 105, 7900.00),
(346, 221, 106, 9700.00),
(347, 202, 107, 3600.00),
(348, 223, 108, 7100.00),
(349, 224, 109, 8300.00),
(350, 225, 110, 5100.00),
(351, 201, 101, 5900.00),
(352, 202, 102, 9900.00),
(353, 203, 103, 10400.00),
(354, 204, 104, 6800.00);

select * from Airlines;
select * from Airports;
select * from Flights;
select * from Passengers;
select * from Tickets;

--Q1 Find the busiest airport by the number of flights take off
select a.name,
count(*) as 'total takeoff flights' 
from Airports a join
Flights f
on a.AirportID = f.Origin
group by a.Name
order by [total takeoff flights] desc
offset 0 rows
fetch next 1 row only;

--Q2 Total number of tickets sold per airline
select * from Tickets;
select * from Airlines;
select * from Flights;

select a.AirlineID,
a.name,
count(t.ticketid) as [total tickets sold]
from Airlines a 
join Flights f
on a.AirlineID =  f.AirlineID
join Tickets t
on f.FlightID = t.FlightID
group by a.Name,a.AirlineID
order by [total tickets sold]  desc ;

--Q3 List all flights operated by ‘IndiGo’ with airport names (origin and destination)
select * from Flights;
select * from Airlines;
select * from Airports;

SELECT a.Name AS Airline,
ao.Name AS Origin_Airport,
ad.Name AS Destination_Airport
FROM Airlines a
JOIN Flights f
ON a.AirlineID = f.AirlineID
JOIN Airports ao
ON ao.AirportID = f.Origin
JOIN Airports ad
ON ad.AirportID = f.Destination
WHERE a.Name = 'IndiGo';

--Q4 For each airport, show the top airline by number of flights departing from there

SELECT Origin_Airport, Airline, total_flights
FROM (
    SELECT 
        ao.Name AS Origin_Airport,
        a.Name AS Airline,
        COUNT(*) AS total_flights,
        RANK() OVER(PARTITION BY ao.Name ORDER BY COUNT(*) DESC) AS rnk
    FROM Flights f
    JOIN Airlines a
        ON f.AirlineID = a.AirlineID
    JOIN Airports ao
        ON f.Origin = ao.AirportID
    GROUP BY ao.Name, a.Name
) t
WHERE rnk = 1;

--Q5 For each flight, show time taken in hours and categorize it as Short (<2h), Medium (2–5h), or Long (>5h)
with hurs_ctry as(
select f.FlightID as flight_id ,a.name as Airline_name,
DATEDIFF(hour,f.departuretime,Arrivaltime) as total_time
from Airlines a
join Flights f
on a.AirlineID = f.AirlineID)
select flight_id,
Airline_name,
case when total_time<2 then 'Short'
when total_time between 2 and 5 then 'medium'
else 'Long' end as time_duration
from hurs_ctry;

--Q6 Show each passenger's first and last flight dates and number of flights
select * from Flights;
select * from Passengers;
select * from Tickets;

select p.passengerid,p.name,
min(f.departuretime) as first_flight_name,
max(f.departuretime) as last_flight_name,
count(f.flightid) as total_flights
from Passengers p
join Tickets t
on p.PassengerID = t.PassengerID
join Flights f
on t.FlightID = f.FlightID
group by p.PassengerID , p.Name;

--Q7 Find flights with the highest price ticket sold for each route (origin -> destination).
select * from Airlines;
select * from Flights;
select * from Tickets;

WITH route_price AS (
    SELECT 
        f.FlightID,
        f.Origin,
        f.Destination,
        MAX(t.Price) AS highest_ticket_price
    FROM Flights f
    JOIN Tickets t
        ON f.FlightID = t.FlightID
    GROUP BY f.FlightID, f.Origin, f.Destination
)

SELECT *
FROM route_price rp
WHERE highest_ticket_price = (
    SELECT MAX(highest_ticket_price)
    FROM route_price
    WHERE Origin = rp.Origin 
      AND Destination = rp.Destination
);
    SELECT 
        f.FlightID,
        f.Origin,
        f.Destination,
        MAX(t.Price) AS highest_ticket_price
    FROM Flights f
    JOIN Tickets t
        ON f.FlightID = t.FlightID
    GROUP BY f.FlightID, f.Origin, f.Destination;

--Q8 Find the highest spending passenger in each Frequent Flyer Status group.
SELECT *
FROM (
    SELECT 
        p.PassengerID,
        p.Name,
        p.FrequentFlyerStatus,
        SUM(t.Price) AS Total_Spending,
        RANK() OVER(
            PARTITION BY p.FrequentFlyerStatus
            ORDER BY SUM(t.Price) DESC
        ) AS rnk
    FROM Passengers p
    JOIN Tickets t
        ON p.PassengerID = t.PassengerID
    GROUP BY p.PassengerID, p.Name, p.FrequentFlyerStatus
) x
WHERE rnk = 1;